arima,holt,prophet,tbats,ensemble
24688.138396726707,24223.556074343127,25541.83059911472,26350.996328749698,25201.13034973356
22149.55063352284,18416.522449081807,21614.826703275536,20984.402776357634,20791.325640559455
35591.55063352284,31676.04275520397,34019.377987076616,36347.113237848185,34408.521153412905
26480.55063352284,22257.60610545313,25685.962721717675,25698.36276670665,25030.620556850074
24008.55063352284,20690.996128446335,23217.689624434242,22761.987741532375,22669.806031983946
35763.55063352284,28144.613267627683,31792.999893816217,33177.29435729193,32219.614538064667
24649.55063352284,22594.295430370945,25346.45893914597,25577.925082430924,24542.05752136767
